,Names,Age,Total_Purchase,Account_Manager,Years,Num_Sites,Churn
0,Cameron Williams,42.0,11066.8,0,7.22,8.0,1
1,Kevin Mueller,41.0,11916.22,0,6.5,11.0,1
2,Eric Lozano,38.0,12884.75,0,6.67,12.0,1
3,Phillip White,42.0,8010.76,0,6.71,10.0,1
4,Cynthia Norton,37.0,9191.58,0,5.56,9.0,1
5,Jessica Williams,48.0,10356.02,0,5.12,8.0,1
6,Eric Butler,44.0,11331.58,1,5.23,11.0,1
7,Zachary Walsh,32.0,9885.12,1,6.92,9.0,1
8,Ashlee Carr,43.0,14062.6,1,5.46,11.0,1
9,Jennifer Lynch,40.0,8066.94,1,7.11,11.0,1
10,Paula Harris,30.0,11575.37,1,5.22,8.0,1
11,Bruce Phillips,45.0,8771.02,1,6.64,11.0,1
12,Craig Garner,45.0,8988.67,1,4.84,11.0,1
13,Nicole Olson,40.0,8283.32,1,5.1,13.0,1
14,Harold Griffin,41.0,6569.87,1,4.3,11.0,1
15,James Wright,38.0,10494.82,1,6.81,12.0,1
16,Doris Wilkins,45.0,8213.41,1,7.35,11.0,1
17,Katherine Carpenter,43.0,11226.88,0,8.08,12.0,1
18,Lindsay Martin,53.0,5515.09,0,6.85,8.0,1
19,Kathy Curry,46.0,8046.4,1,5.69,8.0,1
20,Dean Miller,41.0,9771.22,0,5.81,11.0,1
21,Kevin Ramos,56.0,12217.95,1,5.79,11.0,1
22,Jennifer Wood,35.0,9381.12,1,6.78,11.0,1
23,Paul Walker,41.0,10474.94,0,6.4,12.0,1
24,Lindsey Day,55.0,11158.5,1,4.86,10.0,1
25,Steven Hernandez,54.0,8207.1,0,4.26,11.0,1
26,Danielle Kirk,35.0,12403.81,0,4.42,11.0,1
27,Troy Oliver,40.0,10041.13,0,7.61,11.0,1
28,Darlene Evans,44.0,12721.55,0,5.18,11.0,1
29,Mrs. Sarah Morales,37.0,8284.89,1,5.6,10.0,1
30,Laura Pierce,54.0,10661.48,1,5.16,8.0,1
31,Carla Ball,45.0,10793.11,1,4.65,10.0,1
32,Robert Hill,46.0,9322.44,1,2.69,11.0,1
33,Joseph Harrell,44.0,9814.22,1,5.45,12.0,1
34,Tammy Shepherd,48.0,11740.0,1,4.97,11.0,1
35,Kelly Carroll,37.0,14383.36,0,7.84,10.0,1
36,Heidi Munoz,38.0,11887.39,0,5.83,12.0,1
37,Thomas Sawyer,48.0,10367.08,1,6.45,12.0,1
38,Erin Rivera,37.0,8198.06,1,5.04,12.0,1
39,Raymond Berry,41.0,7777.37,0,4.81,12.0,1
40,Patrick Bell,41.0,11699.26,0,6.99,12.0,1
41,Jason Jones MD,55.0,16838.94,1,6.66,8.0,1
42,Jermaine Johnson,36.0,10484.33,1,8.84,10.0,1
43,George Archer,37.0,8736.06,1,5.51,12.0,1
44,Richard Fields,50.0,10850.78,1,5.63,9.0,1
45,Amanda Roberts,43.0,8601.01,0,5.65,12.0,1
46,David Kennedy,45.0,11170.06,1,7.76,10.0,1
47,Adam Waters,40.0,11185.62,0,6.26,12.0,1
48,Patricia Elliott,36.0,9793.42,0,5.98,9.0,1
49,Summer Haley,43.0,12524.68,0,5.98,10.0,1
50,Brittany Jackson,50.0,12682.9,0,4.58,10.0,1
51,Shawn Chavez,44.0,14036.28,1,7.25,10.0,1
52,Laura Fleming,41.0,10179.92,1,5.97,10.0,1
53,Marcus Garza,46.0,12772.72,1,6.46,9.0,1
54,Heather Murphy,46.0,12122.19,0,7.53,11.0,1
55,Jeffrey Hill,40.0,9922.3,1,5.07,11.0,1
56,Amy Griffin,48.0,4771.65,0,3.77,12.0,1
57,Michelle Hill,42.0,10827.96,1,4.2,10.0,1
58,David Rodriguez,38.0,8642.01,1,4.76,11.0,1
59,Daniel Bartlett,45.0,6749.49,0,5.88,14.0,1
60,Cheyenne Rogers,36.0,6447.99,1,5.52,11.0,1
61,Seth Lopez,44.0,11091.21,0,5.9,10.0,1
62,Brittany Hopkins,55.0,5024.52,0,8.11,9.0,1
63,Carla Patterson,58.0,12376.37,0,6.01,12.0,1
64,Michelle Holloway,49.0,12458.8,0,5.04,9.0,1
65,Kenneth Bryant,47.0,7222.35,0,6.41,11.0,1
66,Cody Williams,38.0,11758.69,0,6.97,11.0,1
67,Lori Ross,55.0,8772.0,1,6.43,10.0,1
68,David Montes,45.0,7351.38,0,5.76,11.0,1
69,Robin Rowe,30.0,7960.64,1,2.72,10.0,1
70,Amber Spears,41.0,13365.66,1,8.36,9.0,1
71,Kathy Johnson,32.0,8617.98,1,6.2,10.0,1
72,Thomas Rose,52.0,11849.13,0,6.8,11.0,1
73,Sandra Williams,37.0,11145.95,1,5.87,11.0,1
74,Nathan Murphy,42.0,9577.42,0,5.86,11.0,1
75,Ryan Weaver,39.0,10110.4,1,5.78,13.0,1
76,Jennifer King,43.0,8024.08,0,4.08,12.0,1
77,Theresa Berry,52.0,8563.24,0,5.29,11.0,1
78,Robin Burke,40.0,9403.58,1,6.01,9.0,1
79,Todd Thompson,38.0,12520.53,1,6.3,11.0,1
80,John Thomas,53.0,13655.59,1,2.05,10.0,1
81,Timothy Johnston,41.0,12680.46,0,5.92,11.0,1
82,Sarah Holloway,45.0,8429.65,1,7.1,10.0,1
83,Scott Chambers,44.0,11424.0,1,5.98,10.0,1
84,Kathryn Ponce,46.0,13725.55,0,5.09,9.0,1
85,Patrick Robinson,47.0,7396.1,0,4.11,11.0,1
86,Laurie Green,51.0,8100.43,1,4.92,13.0,1
87,Amber Hobbs,43.0,10400.88,0,5.84,10.0,1
88,Tina King,40.0,8625.96,1,6.27,13.0,1
89,David Hess,41.0,5192.38,1,4.86,11.0,1
90,Jose Lee,45.0,12455.38,0,3.26,11.0,1
91,Brian Young,49.0,10522.21,0,7.25,14.0,1
92,Erica Flores,38.0,9624.18,0,5.53,12.0,1
93,Brenda Hall,37.0,11628.1,1,6.83,10.0,1
94,Dakota Williams,41.0,13190.3,1,7.38,10.0,1
95,Tammy Reed,49.0,13173.8,1,6.36,12.0,1
96,Devin Cook,29.0,8688.17,1,5.7,9.0,1
97,Joseph Mitchell,40.0,11434.61,1,8.51,10.0,1
98,Brett Allen MD,45.0,12309.39,1,4.57,11.0,1
99,Daniel Bates,30.0,10744.14,1,7.16,9.0,1
100,Chelsea Ward,43.0,12104.25,0,5.86,7.0,1
101,Ryan Richardson,45.0,11599.27,1,4.78,11.0,1
102,Stephen Callahan,42.0,6635.19,0,6.68,11.0,1
103,Mrs. Melinda Davila,51.0,10978.16,1,6.95,11.0,1
104,Carla Howell,44.0,13743.27,0,7.8,11.0,1
105,Eric Kelley,43.0,10271.19,1,5.31,14.0,1
106,Randy Hayes,43.0,6715.23,0,4.16,8.0,1
107,Jeffrey Glenn,50.0,10199.44,0,5.79,9.0,1
108,Megan Tucker,38.0,11386.56,0,8.82,9.0,1
109,Michael Acosta,49.0,12112.53,0,7.31,9.0,1
110,Eileen Reyes,34.0,9228.84,1,5.29,12.0,1
111,Mr. Jerome Dawson,36.0,6330.43,1,5.43,7.0,1
112,Katie Sutton,40.0,11611.51,1,5.64,14.0,1
113,Dr. Kylie Mccann,37.0,8397.41,0,5.59,12.0,1
114,Jose Kelly,49.0,9714.47,0,5.7,9.0,1
115,Nicholas Levy,51.0,11602.11,1,5.3,10.0,1
116,Jennifer Carrillo,35.0,12871.79,0,4.64,12.0,1
117,April Freeman,41.0,9923.79,1,4.75,13.0,1
118,Hunter Rivera,26.0,8787.39,1,5.42,11.0,1
119,Travis Ellis,46.0,12200.31,0,6.62,10.0,1
120,Tommy Frey,38.0,8825.87,1,8.97,10.0,1
121,Nicole Friedman,44.0,8615.52,0,7.39,9.0,1
122,James Newman,35.0,9766.95,1,4.59,13.0,1
123,Stephanie Gonzales,36.0,11550.29,0,6.46,13.0,1
124,Mary Aguilar,50.0,6244.75,0,4.64,11.0,1
125,Jordan Owens,45.0,9459.52,0,5.72,9.0,1
126,Devin Wilson,46.0,11222.48,0,4.92,9.0,1
127,Samantha Fisher,38.0,14693.45,1,7.01,10.0,1
128,Monique Medina,49.0,15005.43,1,5.27,12.0,1
129,Nathan Gross,42.0,10276.33,1,6.54,11.0,1
130,Douglas Joseph,44.0,8474.11,0,6.61,14.0,1
131,Elizabeth Moore,47.0,8235.74,1,6.2,10.0,1
132,Adam Gomez,48.0,6495.01,1,5.57,12.0,1
133,Timothy Harvey,45.0,8099.29,1,5.66,10.0,1
134,Adam Strong,50.0,11775.75,1,4.83,10.0,1
135,Charles Whitney,39.0,8667.02,0,6.82,10.0,1
136,Lisa Davis,55.0,9000.31,1,6.78,10.0,1
137,Jacob Escobar,50.0,14398.89,1,5.54,12.0,1
138,Douglas Padilla,38.0,10863.05,1,5.59,11.0,1
139,Russell Bauer,38.0,7287.57,1,7.39,11.0,1
140,Jessica Horton,43.0,6992.09,1,6.84,11.0,1
141,Alexis Hill,39.0,6351.79,0,5.86,6.0,1
142,Heather Hickman,31.0,11297.57,1,6.23,10.0,1
143,Steven Stevenson,52.0,7460.05,0,5.39,12.0,1
144,Hailey Sanchez,41.0,14429.41,1,5.51,11.0,1
145,Randall Weber,34.0,12983.26,1,6.53,13.0,1
146,Anna Bryant,39.0,8801.86,1,4.43,10.0,1
147,Robert Russo,58.0,9703.93,0,5.16,11.0,1
148,Tara Burton,49.0,11177.08,0,4.44,12.0,1
149,Yvette Perry,41.0,8560.76,1,3.99,12.0,1
150,Michael Williams,35.0,15571.26,0,6.45,9.0,0
151,Connie Golden,39.0,10268.87,1,3.68,6.0,0
152,Seth Griffin,44.0,12328.03,1,4.6,9.0,0
153,Rachel Cherry,52.0,9782.83,0,3.96,7.0,0
154,Robert Sanders,29.0,9378.24,0,4.93,8.0,0
155,Chris Sutton,37.0,10314.67,1,5.86,8.0,0
156,Kenneth Alexander,30.0,8403.78,1,4.13,7.0,0
157,Jason Taylor,46.0,5570.45,0,2.23,7.0,0
158,Dennis Morgan,43.0,8042.76,0,4.95,8.0,0
159,Penny Perez,44.0,10309.15,1,6.35,9.0,0
160,Erin Gilbert,35.0,12357.31,0,5.03,10.0,0
161,Sean Macias,47.0,11306.1,0,6.01,7.0,0
162,Christina Lewis,32.0,13630.93,0,4.38,10.0,0
163,Lori Jackson,36.0,12284.58,1,5.7,9.0,0
164,Mark Murray,39.0,8930.49,1,5.71,10.0,0
165,Dana Lewis,43.0,10578.14,0,1.87,10.0,0
166,Dr. Michael Contreras,45.0,10364.82,0,5.93,5.0,0
167,Rebecca Rasmussen,33.0,7750.54,1,4.57,8.0,0
168,Melanie Turner,48.0,10963.5,1,5.89,9.0,0
169,Jeffery Ferguson,32.0,12547.91,0,7.78,10.0,0
170,Brenda Haley,41.0,14069.41,1,1.62,10.0,0
171,William Taylor,44.0,9723.71,0,4.34,9.0,0
172,William Lyons,43.0,6298.75,1,4.51,9.0,0
173,Bobby Christian,35.0,12107.03,0,5.82,9.0,0
174,Victoria Medina,43.0,11674.12,0,2.88,8.0,0
175,William Haney,56.0,12502.81,0,5.47,8.0,0
176,Alan Gray,29.0,9617.59,0,5.49,8.0,0
177,Jessica Johnson,36.0,13472.79,1,4.77,8.0,0
178,Joshua Tran,49.0,9805.7,0,4.86,9.0,0
179,Lisa Harmon,31.0,11743.24,0,5.3,6.0,0
180,Stephen Jenkins,30.0,12788.37,0,4.31,10.0,0
181,Misty Tate,40.0,5218.49,0,3.8,10.0,0
182,Isaiah Noble,44.0,10526.18,0,7.67,9.0,0
183,Jeff Davis,43.0,8583.5,1,4.39,10.0,0
184,Stacey Harding,39.0,11008.0,0,4.42,8.0,0
185,William Perkins,42.0,9625.89,1,5.84,9.0,0
186,James Contreras,46.0,11119.11,1,3.51,14.0,0
187,Brian Morse,46.0,9982.55,1,4.75,7.0,0
188,Jennifer Hernandez,39.0,11159.46,0,3.95,11.0,0
189,Heather Figueroa,36.0,12668.26,0,4.54,12.0,0
190,Russell Marks,38.0,9087.9,0,2.7,10.0,0
191,Riley Gill,41.0,9091.21,0,4.55,11.0,0
192,Brian Love,44.0,8755.02,1,5.71,8.0,0
193,Lauren Walker,37.0,6362.93,1,6.8,7.0,0
194,Melanie Bender,48.0,13189.35,0,3.25,7.0,0
195,Samuel Castillo,47.0,10584.71,0,6.05,8.0,0
196,Ashley Soto,49.0,9853.64,1,6.95,6.0,0
197,Adriana James,36.0,10448.09,0,4.13,8.0,0
198,Andrea Salas,42.0,11473.38,1,2.87,10.0,0
199,Erik Johnson,39.0,8986.28,0,4.36,8.0,0
200,Christopher Whitehead,33.0,13314.19,0,5.45,9.0,0
201,Casey Mcdaniel,41.0,9918.77,0,4.02,10.0,0
202,Jeremiah Lee,45.0,12783.21,1,4.47,10.0,0
203,Jennifer Patterson,46.0,7026.18,0,6.3,8.0,0
204,Lawrence Morton,48.0,9706.88,0,6.45,8.0,0
205,Jeffrey Hunt,42.0,10236.95,1,5.71,8.0,0
206,Gina Richardson,33.0,13157.08,1,5.04,10.0,0
207,Richard Farmer,44.0,8588.46,1,7.77,8.0,0
208,Brian White,48.0,7778.73,1,4.18,8.0,0
209,Richard Meadows,42.0,10268.0,0,5.33,6.0,0
210,Omar Moore,34.0,9845.35,0,4.82,7.0,0
211,Tasha Reed,37.0,11912.13,0,5.67,10.0,0
212,Albert Clayton,33.0,12115.91,1,5.5,9.0,0
213,John Mejia,35.0,10801.37,1,5.64,11.0,0
214,Diane Terry,53.0,13173.82,0,5.26,7.0,0
215,Christina Maldonado,49.0,9940.76,0,5.72,11.0,0
216,Kathryn Malone,46.0,12261.79,1,3.72,10.0,0
217,Cynthia Burns,47.0,12987.28,0,5.86,10.0,0
218,Christina Reed,51.0,4523.91,0,3.98,8.0,0
219,Brittney Stokes,41.0,6172.23,0,4.28,8.0,0
220,Mary Griffin,49.0,6283.67,0,6.35,11.0,0
221,Carla Wolfe,48.0,7232.06,1,4.9,6.0,0
222,Emily Little,35.0,6683.82,1,7.82,7.0,0
223,Jason Santana,39.0,9408.96,1,3.83,4.0,0
224,Willie Proctor,47.0,8291.93,0,4.47,7.0,0
225,Todd Harris,41.0,10017.82,0,6.0,8.0,0
226,Kimberly Nichols,38.0,7320.49,0,1.58,10.0,0
227,Derek Russell,43.0,8817.29,0,3.19,8.0,0
228,Robert Huff,36.0,8948.86,0,7.37,10.0,0
229,Kelly Terry,45.0,3689.95,1,5.01,11.0,0
230,Francisco Martinez,52.0,8185.22,1,5.76,8.0,0
231,Jason Garcia,43.0,9347.89,1,4.17,8.0,0
232,Daniel Johnson,42.0,12888.85,1,4.79,8.0,0
233,Gregory Blake,41.0,5387.41,1,4.17,8.0,0
234,Richard Odonnell,38.0,7605.49,0,6.99,10.0,0
235,Monica Espinoza,45.0,8480.93,0,4.57,9.0,0
236,David Hansen,29.0,11274.46,1,4.43,8.0,0
237,Elizabeth Chandler,43.0,13116.73,0,3.57,9.0,0
238,Michael White,32.0,7896.65,0,7.12,8.0,0
239,William Pacheco,36.0,12086.92,1,5.52,6.0,0
240,Dr. Brandon Adams,42.0,10500.77,0,5.68,6.0,0
241,William Burns,38.0,7673.0,1,7.42,7.0,0
242,Jack Ortega,42.0,14242.7,0,5.79,10.0,0
243,Jonathan Cooley,40.0,6590.63,1,4.52,7.0,0
244,Erin Norris,37.0,15070.32,0,6.91,6.0,0
245,Michael Grant,37.0,13717.41,1,6.5,7.0,0
246,Connor Knapp,41.0,9219.95,1,5.21,10.0,0
247,Megan Jenkins,65.0,10430.5,0,6.5,6.0,0
248,Sarah Hall,45.0,5200.06,1,6.33,8.0,0
249,Tony Schneider,43.0,11197.42,1,3.48,9.0,0
250,Karen Peterson,45.0,13650.64,0,4.96,8.0,0
251,Tiffany Case,42.0,7351.72,0,5.26,9.0,0
252,Mary Sanchez,33.0,10306.21,1,6.36,9.0,0
253,David Moran,37.0,10147.22,0,6.63,8.0,0
254,David Lopez,48.0,10528.71,0,5.0,9.0,0
255,Cynthia Nguyen,41.0,10054.6,1,4.93,6.0,0
256,Brittany Smith,45.0,8595.24,0,6.4,10.0,0
257,Laura Smith,45.0,6681.61,1,5.6,8.0,0
258,Michael Dominguez,29.0,10203.18,1,5.82,8.0,0
259,Paul Wagner,42.0,10427.12,0,6.64,10.0,0
260,Calvin Coleman,39.0,10388.38,0,5.1,7.0,0
261,Lisa Burton,39.0,9353.38,0,4.06,7.0,0
262,John Gonzales,42.0,11756.06,0,4.88,8.0,0
263,Linda Hubbard,40.0,12295.95,1,5.69,11.0,0
264,Rachel Hull,40.0,7819.46,1,4.77,9.0,0
265,Tracy Ray,34.0,10674.92,1,3.09,9.0,0
266,Sarah Bailey,37.0,10989.43,0,6.62,10.0,0
267,Aaron King,46.0,7504.79,0,5.98,8.0,0
268,Bradley Washington,46.0,9306.05,0,5.35,7.0,0
269,Holly Caldwell,37.0,11523.63,1,3.56,7.0,0
270,Cheryl Bruce,44.0,9613.84,1,4.38,8.0,0
271,Megan Flynn,48.0,13298.38,0,2.99,8.0,0
272,Amanda Williams,37.0,8614.75,0,5.03,9.0,0
273,Amy Morris,45.0,9951.97,1,4.4,6.0,0
274,Teresa Garcia,46.0,11343.33,1,3.69,8.0,0
275,Thomas Mcintosh,38.0,10026.44,1,6.85,9.0,0
276,Justin Friedman,38.0,8473.65,1,4.78,7.0,0
277,Whitney Beasley,42.0,12989.06,0,5.0,10.0,0
278,Beverly Perry,38.0,12893.47,1,5.69,5.0,0
279,David Sweeney,34.0,7324.32,0,6.69,10.0,0
280,Amber Williams,40.0,8530.23,1,3.66,10.0,0
281,Lisa Murray,46.0,10675.86,0,3.33,7.0,0
282,Jose Hoffman,43.0,10300.24,0,6.44,8.0,0
283,Regina Kirby,41.0,10921.54,0,5.07,3.0,0
284,Shawn Ramirez,42.0,10527.52,1,8.42,8.0,0
285,Ruben Thomas,44.0,8338.05,0,6.57,11.0,0
286,Austin Palmer,36.0,9593.71,0,3.98,6.0,0
287,Anthony Hall,46.0,11537.69,1,6.37,7.0,0
288,Richard Gardner,35.0,12936.64,1,3.73,6.0,0
289,Destiny Morales,40.0,8815.24,0,5.63,9.0,0
290,Brittany Murphy,42.0,12300.94,1,6.89,10.0,0
291,Tony Soto,35.0,11830.36,1,4.41,6.0,0
292,Sharon Torres,36.0,14715.53,1,5.73,9.0,0
293,Brenda Fuentes,44.0,9214.98,1,6.44,7.0,0
294,Rodney Evans,49.0,8092.13,0,6.32,5.0,0
295,Robin Woods,41.0,12008.34,1,4.94,7.0,0
296,Jennifer Anderson,38.0,11803.58,1,6.97,6.0,0
297,Tabitha Love,37.0,13498.28,1,7.06,9.0,0
298,Diana Carroll,46.0,9601.95,0,5.9,9.0,0
299,Matthew Jacobs,54.0,13184.51,0,6.04,8.0,0
300,Rebecca Prince,36.0,4690.57,1,5.41,8.0,0
301,Eric Smith,37.0,11416.56,0,6.06,6.0,0
302,Jeffrey Hernandez,56.0,9940.54,1,6.57,7.0,0
303,William Newman,35.0,13680.25,1,5.79,9.0,0
304,Ashley Smith,29.0,5900.78,1,5.56,8.0,0
305,Sandra Mcintyre,36.0,10339.05,1,6.88,7.0,0
306,Robert Joseph,46.0,11538.57,1,7.93,10.0,0
307,George Chavez,43.0,7178.92,1,5.32,8.0,0
308,Joshua Walters,51.0,8840.51,0,2.7,7.0,0
309,John Howard,47.0,14154.26,0,4.73,9.0,0
310,Deborah Howell,42.0,10583.76,0,6.51,9.0,0
311,Terry Diaz,46.0,11401.63,0,6.13,5.0,0
312,Roberto Gonzales,41.0,7495.6,1,6.57,8.0,0
313,Jesse Mitchell,36.0,8878.96,1,4.66,9.0,0
314,Linda Allen,37.0,11111.59,1,6.0,7.0,0
315,Heather Hernandez,42.0,8519.64,0,3.99,8.0,0
316,Ryan Chapman,44.0,12361.42,1,3.7,10.0,0
317,Anthony Mooney,41.0,9014.9,1,4.45,7.0,0
318,Timothy Henry,42.0,6081.5,0,3.73,8.0,0
319,Vanessa Hayes,43.0,10944.65,1,2.62,9.0,0
320,Timothy Jacobs,40.0,11764.35,1,5.54,9.0,0
321,Austin Melendez,44.0,12155.91,1,4.11,5.0,0
322,Brittany Green,41.0,11971.75,1,5.38,7.0,0
323,Michael Perry,41.0,14080.95,1,4.61,7.0,0
324,Theresa Martinez,41.0,6204.86,1,6.08,8.0,0
325,Jessica Gutierrez,39.0,4994.48,0,5.02,8.0,0
326,James Franklin,36.0,11047.43,0,5.98,8.0,0
327,Julie Francis,40.0,12925.64,0,4.04,7.0,0
328,Marissa Nguyen,36.0,8233.25,1,4.35,7.0,0
329,Marie Bauer,39.0,9282.33,0,4.52,11.0,0
330,Thomas Brown,46.0,13383.25,1,5.27,9.0,0
331,Julie Moore,40.0,8911.91,0,6.99,10.0,0
332,Nicole Jacobson,41.0,8783.13,1,6.2,7.0,0
333,John Davis,35.0,12654.35,0,1.66,7.0,0
334,Crystal Mccullough,40.0,6773.23,1,4.29,11.0,0
335,Michael Patterson,31.0,9574.89,0,7.34,8.0,0
336,Brianna White,45.0,9722.92,1,3.35,8.0,0
337,Austin Hays,41.0,9516.87,0,4.94,7.0,0
338,Tammy Kelley,38.0,6638.87,1,5.61,8.0,0
339,Monique Delgado,30.0,10960.52,1,5.96,9.0,0
340,Timothy Mcdonald,52.0,11093.87,0,4.38,5.0,0
341,Donald Barrett,51.0,10323.07,1,7.03,9.0,0
342,Darin Alexander,43.0,15858.91,1,4.51,8.0,0
343,Joseph Taylor,40.0,11309.18,0,4.91,7.0,0
344,Catherine Martin,32.0,12142.99,0,5.01,7.0,0
345,Amber Carr,44.0,10965.95,1,4.11,8.0,0
346,Brenda Walls,51.0,10877.81,1,8.35,8.0,0
347,Carol Young,38.0,7491.55,0,5.66,12.0,0
348,James Shah,47.0,9324.49,1,4.91,6.0,0
349,Julie Mitchell,45.0,9034.21,0,6.89,9.0,0
350,Martha Green,54.0,11856.28,0,6.19,8.0,0
351,John Long,41.0,9191.02,1,5.89,9.0,0
352,Ricky Stewart,41.0,10617.16,0,6.26,8.0,0
353,Cassandra Proctor,49.0,11321.2,0,4.89,10.0,0
354,Kenneth James,41.0,15516.52,0,3.53,10.0,0
355,Shawn Hughes,52.0,5647.92,0,5.08,8.0,0
356,Kim Adams,30.0,8677.28,1,7.31,7.0,0
357,Katie Wagner,43.0,15423.03,1,2.41,7.0,0
358,Joshua Cole,38.0,8097.01,0,4.32,7.0,0
359,Tony Mathews,47.0,9148.74,1,6.38,8.0,0
360,Andrew Kent,45.0,12374.97,0,4.66,7.0,0
361,Nancy Riley,36.0,8646.72,0,6.33,8.0,0
362,Dr. Tina Le,53.0,10338.09,1,5.07,7.0,0
363,Jonathan Brown,38.0,13019.89,1,6.65,8.0,0
364,Amy Baldwin,41.0,13743.42,0,3.92,9.0,0
365,Gary Bryant,39.0,8646.2,0,2.94,9.0,0
366,Jeffrey Thompson,42.0,6523.74,0,2.71,8.0,0
367,Johnny Watts,56.0,8626.48,1,5.07,7.0,0
368,Stephanie Juarez,41.0,5191.08,0,6.29,7.0,0
369,James Velazquez,38.0,7097.52,1,4.68,6.0,0
370,Erin Hall,41.0,13277.82,0,4.84,9.0,0
371,Justin Campos,53.0,3263.0,1,2.77,9.0,0
372,Jessica Flores,52.0,14669.61,0,6.28,9.0,0
373,Richard Bell,47.0,13359.2,1,4.55,8.0,0
374,Betty Bowers,43.0,12078.39,1,6.06,6.0,0
375,Rebekah Burns,48.0,8513.75,1,8.24,10.0,0
376,James Rivas,38.0,9557.2,0,4.47,8.0,0
377,Robert Terry,44.0,6517.22,0,4.55,12.0,0
378,Christian Mann,40.0,4762.81,1,5.12,10.0,0
379,Christopher Yates,45.0,6452.83,1,4.41,6.0,0
380,Cynthia Daniels,31.0,8688.21,0,3.58,7.0,0
381,Kellie Ryan,32.0,12254.75,1,5.32,9.0,0
382,David Payne,39.0,5914.3,1,2.3,9.0,0
383,Henry Cook,45.0,11486.53,1,5.5,7.0,0
384,Jamie Moore,51.0,6114.85,1,4.7,9.0,0
385,Kimberly Lewis,52.0,11828.78,0,5.95,10.0,0
386,Darren Chavez,35.0,10166.67,0,4.65,10.0,0
387,Andrea George,43.0,12691.45,0,4.45,11.0,0
388,Luis Evans,45.0,9903.78,1,5.31,9.0,0
389,Jonathan Collier,46.0,10363.63,0,5.84,10.0,0
390,James Adkins,35.0,8475.8,0,3.37,11.0,0
391,Tamara Keith,39.0,13091.92,1,4.74,9.0,0
392,Teresa Thompson,37.0,13036.52,1,3.83,6.0,0
393,Andrea Ortiz,40.0,9521.35,0,5.8,9.0,0
394,Stefanie Miranda,37.0,5039.46,0,4.08,8.0,0
395,Becky Cardenas,51.0,13762.79,0,7.52,9.0,0
396,Maria Stanley,46.0,8941.92,1,5.43,9.0,0
397,Judy Montes,32.0,12479.72,0,4.67,8.0,0
398,Nicole Williams,41.0,9139.73,1,5.15,10.0,0
399,Dalton Sexton,46.0,10406.58,0,7.24,11.0,0
400,Michael Payne,44.0,11768.65,0,5.54,7.0,0
401,Keith Bowman,46.0,14664.0,0,6.54,8.0,0
402,Jason Phillips,46.0,8418.81,1,7.19,6.0,0
403,Christopher Daniels,34.0,6461.86,1,4.61,8.0,0
404,Lindsey Moreno,39.0,14317.2,0,5.03,7.0,0
405,James Evans,42.0,4492.44,1,6.43,9.0,0
406,Kristine Moreno,29.0,13240.01,1,4.58,6.0,0
407,Stefanie Whitaker,35.0,7814.68,1,5.99,9.0,0
408,Monica Todd,35.0,11255.38,0,6.28,4.0,0
409,Matthew Beck,49.0,13165.68,0,5.49,9.0,0
410,Donna Good,37.0,12713.9,0,9.15,8.0,0
411,Sarah Flores,40.0,11527.08,1,5.04,8.0,0
412,Joshua Kirby,54.0,8375.73,1,4.42,7.0,0
413,Keith Robertson,41.0,11968.78,0,5.08,6.0,0
414,Dustin Dodson,48.0,7761.2,0,7.02,9.0,0
415,Frances Jenkins,32.0,6367.22,1,2.84,10.0,0
416,Deborah Meyer,44.0,7599.36,1,6.41,6.0,0
417,Latasha Schwartz,40.0,7642.2,0,5.04,9.0,0
418,Ashley Jacobs,38.0,11621.67,1,6.11,9.0,0
419,Michael Brown,47.0,9365.92,1,4.37,5.0,0
420,Darlene Cain,29.0,12711.15,0,5.74,7.0,0
421,Abigail Gonzalez,55.0,8243.28,0,3.54,6.0,0
422,Christina Martin,51.0,10269.97,1,4.85,8.0,0
423,Robert Adams,38.0,13366.66,1,5.64,7.0,0
424,Megan Avila,40.0,12401.58,1,5.75,9.0,0
425,Ann White,43.0,8950.33,0,6.76,9.0,0
426,Dr. Lauren Brown,41.0,10806.13,1,4.0,6.0,0
427,Shane Jones,38.0,7713.12,1,5.41,9.0,0
428,Amanda Moore,40.0,12455.75,1,6.64,9.0,0
429,Daniel Thompson,33.0,7492.9,0,6.71,7.0,0
430,Andrew Moreno,43.0,12068.39,1,3.59,7.0,0
431,Catherine Lucas,40.0,7837.67,1,5.66,11.0,0
432,Natalie Williams,45.0,9721.59,0,3.43,9.0,0
433,Mark Gordon,41.0,10028.23,1,5.52,9.0,0
434,Mrs. Ashley Guerra,34.0,10466.56,0,5.34,7.0,0
435,Emily Roberson,36.0,12879.7,0,4.7,9.0,0
436,Matthew Lane,49.0,13078.28,1,4.06,8.0,0
437,Darren Brown,49.0,11584.59,1,4.84,6.0,0
438,Alyssa Harper DDS,45.0,9874.69,1,2.41,9.0,0
439,Jennifer Wood,48.0,11585.16,0,4.61,9.0,0
440,Taylor Grant,39.0,10643.67,0,5.54,10.0,0
441,Ryan Brown,34.0,12397.49,0,4.93,9.0,0
442,Peggy Allison,40.0,10780.71,1,5.33,9.0,0
443,Douglas Acosta,40.0,8801.13,0,7.52,6.0,0
444,Victoria Hughes,45.0,7325.93,1,6.0,6.0,0
445,Michael Knox,36.0,7342.14,0,5.51,8.0,0
446,Laura Wright,37.0,12154.25,1,5.15,6.0,0
447,Alexandra Phillips,32.0,9472.72,1,1.0,10.0,0
448,Lori Medina,39.0,3676.68,1,3.52,9.0,0
449,Kristin Davis,50.0,6857.29,0,4.69,6.0,0
450,John Richardson,52.0,10133.36,0,4.6,7.0,0
451,Daniel Brown,51.0,4992.6,0,3.85,8.0,0
452,Eugene Rowe,50.0,12941.12,1,5.51,11.0,0
453,Cody Middleton,36.0,11040.16,0,4.52,8.0,0
454,Kevin Chapman,35.0,8058.73,0,6.88,9.0,0
455,Margaret Moore,44.0,10638.65,0,5.54,6.0,0
456,Edwin Young,49.0,10226.43,0,6.02,8.0,0
457,Teresa Bean,38.0,12020.62,0,4.41,8.0,0
458,Justin Moore,51.0,12780.22,0,6.06,7.0,0
459,Sarah Morgan,51.0,6662.59,1,5.27,9.0,0
460,Amanda Hernandez,38.0,10298.29,1,5.07,9.0,0
461,Tammy Williams,52.0,9065.28,0,3.99,5.0,0
462,Lawrence Gordon,44.0,8817.22,1,6.53,10.0,0
463,Jodi Thompson,35.0,11391.46,1,7.59,10.0,0
464,Michelle Roberts,43.0,12531.39,0,3.97,6.0,0
465,Colton Foster,43.0,9200.69,1,2.6,11.0,0
466,John Gardner,52.0,13368.21,1,4.09,9.0,0
467,Holly Flores,47.0,15878.11,1,2.05,8.0,0
468,William Branch,33.0,7720.61,1,4.97,10.0,0
469,Patricia Mckinney,34.0,9270.9,0,6.19,7.0,0
470,Brandon Compton,44.0,8274.32,0,5.7,8.0,0
471,Monica Hernandez,38.0,9347.47,0,8.47,8.0,0
472,Kathryn Petersen,40.0,12453.72,1,4.83,9.0,0
473,Shelia Phillips,39.0,8644.07,1,4.48,8.0,0
474,Sally Smith,45.0,11575.84,0,5.51,9.0,0
475,Joshua Huff,49.0,8268.74,1,5.21,8.0,0
476,Daniel Washington,54.0,12147.83,1,4.17,8.0,0
477,Joseph Anderson,48.0,8093.03,1,4.26,8.0,0
478,Kylie Reynolds,28.0,9090.43,1,5.74,10.0,0
479,Chelsea Marsh,41.0,9552.57,0,3.81,8.0,0
480,Carlos Miller,47.0,9004.44,0,3.79,8.0,0
481,Lindsey Adams,46.0,14361.38,0,4.52,8.0,0
482,Jerry Nguyen,36.0,8972.54,0,5.23,8.0,0
483,Mark Ingram,44.0,11611.28,0,5.8,11.0,0
484,Casey Hess,43.0,9399.92,1,4.98,8.0,0
485,Gary Odom,37.0,7982.38,1,4.29,8.0,0
486,John Snyder,36.0,6930.95,0,5.19,7.0,0
487,Karen Wade,38.0,11667.01,0,3.8,8.0,0
488,Kathleen Salazar,31.0,5387.75,0,6.83,9.0,0
489,Mary Frank,33.0,10709.39,1,5.22,6.0,0
490,Lisa Reid,41.0,11623.42,1,4.18,9.0,0
491,Nathan Hammond,53.0,9683.85,0,5.89,8.0,0
492,Theresa Terry,44.0,8819.13,1,4.38,10.0,0
493,John Jones,44.0,7736.13,1,4.48,8.0,0
494,Teresa Smith,45.0,7158.66,1,6.25,7.0,0
495,Heather Thompson,50.0,9248.87,0,4.56,9.0,0
496,Melanie Cain,40.0,11916.26,0,4.51,7.0,0
497,Kenneth Graham,50.0,9641.61,0,3.09,5.0,0
498,Abigail Jennings,36.0,12309.23,1,4.76,9.0,0
499,Andrea Ford,40.0,11362.95,0,4.37,11.0,0
500,Johnathan Gonzalez,56.0,10074.4,1,5.17,7.0,0
501,Katie Khan,40.0,10762.29,0,5.02,7.0,0
502,Michelle Johnson,30.0,8874.83,0,5.56,9.0,0
503,Hannah Best,51.0,5830.99,0,6.93,6.0,0
504,David Morrison,35.0,8297.87,0,5.42,8.0,0
505,Cindy Olson,33.0,5738.82,0,7.66,7.0,0
506,John Jackson,41.0,11655.82,1,7.92,9.0,0
507,Christine Livingston,47.0,7362.18,0,6.57,7.0,0
508,Mrs. Brittany Lopez,43.0,10938.11,0,3.21,8.0,0
509,Paula Willis,36.0,8514.8,1,4.01,11.0,0
510,Ryan Martin,34.0,8772.26,0,5.78,9.0,0
511,Roy Case,40.0,7656.02,1,5.62,9.0,0
512,Henry Krueger,41.0,10375.39,0,5.54,8.0,0
513,Jaime Padilla,46.0,7684.02,1,6.24,8.0,0
514,Barry Gallagher,52.0,6805.48,1,6.05,9.0,0
515,Andrew Young,30.0,6744.87,0,5.14,9.0,0
516,Amy Henderson,31.0,10058.87,1,6.54,7.0,0
517,Theresa Ford,40.0,9133.36,0,4.21,7.0,0
518,Donald Flores,46.0,11580.56,1,3.43,9.0,0
519,Sarah Schmidt,41.0,10631.84,1,3.47,9.0,0
520,Melissa Hall,32.0,10716.75,0,5.12,8.0,0
521,Annette Taylor,41.0,10919.81,0,4.63,8.0,0
522,Robert Allen,48.0,10241.32,1,7.25,7.0,0
523,Jessica Howard,46.0,9171.56,1,5.02,8.0,0
524,Michael Lam,40.0,7675.52,1,4.31,11.0,0
525,Nancy Thompson,36.0,13308.01,0,5.07,8.0,0
526,Steve Lewis,37.0,7961.21,0,2.91,9.0,0
527,Amanda Brown,32.0,12403.6,0,4.99,7.0,0
528,Danielle Morris,46.0,10814.59,0,4.91,8.0,0
529,Jessica Hernandez,31.0,8829.83,1,4.52,8.0,0
530,Nicole Richards,52.0,7170.66,1,4.53,7.0,0
531,Lauren Johnson,47.0,10332.16,1,4.89,9.0,0
532,Wendy Moore,41.0,14722.35,0,6.98,6.0,0
533,Destiny Steele,39.0,13532.85,1,5.63,9.0,0
534,Dakota Porter,41.0,7683.97,1,6.17,7.0,0
535,Sara Campbell,47.0,6398.91,1,5.0,8.0,0
536,Manuel Hill,37.0,14595.51,1,3.83,12.0,0
537,Douglas Lee,48.0,6783.99,1,3.89,8.0,0
538,Charles Doyle,35.0,8190.27,0,6.28,7.0,0
539,Rebecca Hamilton,45.0,9317.12,1,6.93,6.0,0
540,Dominique Kemp,40.0,10370.72,1,4.35,5.0,0
541,Thomas Parker,42.0,12277.9,1,5.1,8.0,0
542,Aaron West,55.0,10056.55,0,4.98,8.0,0
543,Samantha Clark,35.0,12398.62,1,5.6,9.0,0
544,Patrick Campos,40.0,10290.14,0,4.6,10.0,0
545,Kevin Hicks DDS,49.0,9957.26,0,4.76,7.0,0
546,Joseph Hall,35.0,13480.91,1,4.41,7.0,0
547,Samantha Flores,39.0,11670.73,0,6.45,8.0,0
548,John Castillo,31.0,7073.61,0,5.73,9.0,0
549,Christy Hamilton,45.0,9852.25,1,4.55,8.0,0
550,Jay Mosley,40.0,6402.3,0,4.28,7.0,0
551,Sonya Lewis,48.0,9282.99,0,4.32,6.0,0
552,Pamela Bell,37.0,8884.39,0,6.16,7.0,0
553,Evan Davis,46.0,13296.89,1,4.81,6.0,0
554,Jonathan Jones,35.0,7361.92,1,4.97,9.0,0
555,Richard Rojas,54.0,8092.55,1,4.55,10.0,0
556,Jerome Pitts,39.0,9528.99,0,5.97,8.0,0
557,Yolanda Jackson,53.0,8122.34,0,3.51,9.0,0
558,Jessica Wells,41.0,14738.09,1,6.5,8.0,0
559,Mark Choi,34.0,11687.29,0,4.54,7.0,0
560,Megan Wilson,43.0,7948.18,0,3.88,7.0,0
561,Kathleen Reid,42.0,7915.44,1,6.17,8.0,0
562,Walter Bates,40.0,10180.59,1,6.5,10.0,0
563,Rita Young,44.0,8748.36,1,6.32,10.0,0
564,David Sanders,41.0,8021.05,1,3.16,9.0,0
565,Thomas Richardson,44.0,10445.76,0,7.02,8.0,0
566,Victoria Shaffer,34.0,9919.38,0,4.43,8.0,0
567,Dwayne Ryan,39.0,10741.9,0,5.48,8.0,0
568,David Moore,40.0,7380.48,1,6.45,7.0,0
569,Matthew Huffman,45.0,9649.26,1,3.77,9.0,0
570,Mary Kent,42.0,9349.99,1,4.38,7.0,0
571,Molly Young,46.0,12849.1,0,4.97,8.0,0
572,Eric Castro,38.0,10770.82,0,4.99,10.0,0
573,Tammy Johnson,35.0,8828.59,0,6.77,9.0,0
574,Mallory Powell,48.0,9921.89,0,3.73,9.0,0
575,Michael Nichols,45.0,6977.56,0,6.94,11.0,0
576,Jason Stevenson,44.0,8580.85,0,5.52,10.0,0
577,Andrea Warner,46.0,10469.5,0,6.54,10.0,0
578,Susan Casey,55.0,8907.17,1,7.6,11.0,0
579,Billy Garner,46.0,10050.61,0,4.99,7.0,0
580,Matthew Dixon,38.0,10522.6,1,5.46,10.0,0
581,Jessica Sharp,34.0,9265.59,0,5.77,8.0,0
582,Elizabeth Drake,40.0,10930.16,1,6.63,7.0,0
583,Tina Schmidt,45.0,10668.91,0,7.21,8.0,0
584,Elizabeth Kennedy,47.0,11335.97,0,6.84,6.0,0
585,Brandy Martinez,41.0,12247.91,0,5.08,9.0,0
586,Trevor Henderson,47.0,9303.43,0,5.5,8.0,0
587,Brandi Bryan,38.0,9826.29,0,4.93,8.0,0
588,Curtis Robinson,37.0,10565.59,0,4.76,10.0,0
589,Daniel Barton,44.0,9855.18,0,6.94,7.0,0
590,Carolyn Cabrera,51.0,7810.06,0,5.99,9.0,0
591,Mary Marshall,39.0,11144.51,0,4.25,9.0,0
592,Thomas Campbell,36.0,8931.09,1,7.55,7.0,0
593,Christopher Clark,50.0,8929.88,0,5.63,7.0,0
594,Rose White,35.0,9435.2,1,6.23,7.0,0
595,Derek Martinez,40.0,11553.65,1,4.43,6.0,0
596,Wendy Key,60.0,9621.04,1,7.65,8.0,0
597,Lisa Fisher,43.0,11401.42,0,3.63,10.0,0
598,Kyle Hinton,43.0,10491.4,1,4.23,8.0,0
599,Travis Howell,44.0,10585.86,0,5.54,8.0,0
600,Vanessa Donaldson,52.0,10697.72,0,8.35,8.0,0
601,Kathy Robertson,37.0,11430.75,0,5.99,10.0,0
602,Katie Nichols,48.0,8465.53,1,4.98,9.0,0
603,Shannon Miller,35.0,7759.15,1,6.06,10.0,0
604,Stacy Marshall,42.0,13081.64,0,4.66,9.0,0
605,Heather Little,33.0,4711.89,0,4.97,7.0,0
606,Jose Rowland,36.0,12252.57,0,5.13,8.0,0
607,Brittany Martinez,39.0,13029.61,1,4.83,8.0,0
608,Charles Ellison,43.0,10746.69,0,8.62,9.0,0
609,Dr. Kathleen Wiley,45.0,8665.79,0,5.09,9.0,0
610,Justin Roman PhD,34.0,5447.16,1,4.13,9.0,0
611,Daniel Todd,37.0,9772.95,1,3.81,8.0,0
612,Eugene Robertson,41.0,7464.08,0,3.74,8.0,0
613,Frank Chase,39.0,6168.66,1,4.71,8.0,0
614,Nancy Martin,34.0,12567.53,0,3.36,11.0,0
615,Duane Mcdonald,55.0,8280.03,0,6.33,5.0,0
616,Heather Daniel,36.0,11274.98,0,4.12,10.0,0
617,Michelle Berry,42.0,9635.87,1,2.43,9.0,0
618,Claire Rivera,48.0,13743.12,1,4.83,7.0,0
619,Benjamin Huff,45.0,8871.53,0,3.76,8.0,0
620,Bradley Chambers,37.0,8818.03,1,2.89,9.0,0
621,Terry Kelley,37.0,9788.78,0,5.24,7.0,0
622,Kenneth Fuller,34.0,6131.92,0,4.17,9.0,0
623,Stephen Reed,40.0,12043.27,1,5.04,7.0,0
624,Angela Holloway,40.0,12919.92,0,4.23,11.0,0
625,David Carter,38.0,10367.14,0,5.92,9.0,0
626,Nancy Bartlett,44.0,9063.16,1,4.76,8.0,0
627,Jason Hebert,40.0,10606.97,1,4.11,10.0,0
628,Gerald Mullins,42.0,8558.52,0,5.36,7.0,0
629,James Smith,43.0,11375.25,1,5.09,9.0,0
630,Samantha Munoz,48.0,8514.24,0,4.61,9.0,0
631,Megan Smith,39.0,12019.93,0,4.87,10.0,0
632,Gregory Chandler,38.0,9419.66,1,5.24,9.0,0
633,Crystal Smith,33.0,10309.71,1,2.96,7.0,0
634,Juan Simmons PhD,47.0,10313.06,0,5.44,8.0,0
635,Monica Downs,34.0,13460.92,1,3.67,7.0,0
636,Paul Wilson,54.0,10216.59,0,2.77,7.0,0
637,Sandra Hogan,37.0,12766.24,0,3.72,9.0,0
638,Anna Wood,38.0,11360.99,0,4.5,7.0,0
639,Patrick Edwards,47.0,9166.22,0,3.51,9.0,0
640,Matthew Clayton,41.0,8996.04,1,6.19,9.0,0
641,Mark Marquez,55.0,9743.57,0,5.89,8.0,0
642,Alexis Allen,43.0,7686.13,1,7.17,8.0,0
643,Melissa Coleman,29.0,13255.05,1,4.89,8.0,0
644,Terry Curtis MD,48.0,8403.02,0,3.61,11.0,0
645,Jessica Campbell,43.0,7277.27,1,5.98,8.0,0
646,Brandon Wilson,32.0,8575.71,0,4.26,9.0,0
647,Meghan Jackson,46.0,9844.79,0,3.57,11.0,0
648,Jeffrey Simpson,42.0,7529.23,1,5.86,7.0,0
649,Cheryl Hernandez,46.0,4111.4,0,3.93,8.0,0
650,Amy Riddle,45.0,8389.84,1,6.81,5.0,0
651,Linda Moore,40.0,7864.63,0,4.56,9.0,0
652,Carol Bush,39.0,8677.62,0,5.2,7.0,0
653,Gail Lopez,25.0,9672.03,0,5.49,8.0,0
654,Joseph Bauer,33.0,11370.28,1,4.4,6.0,0
655,Kayla Foley,44.0,13915.9,0,4.61,9.0,0
656,Teresa Reyes,35.0,10999.05,0,4.76,10.0,0
657,Shannon Potter,39.0,7636.98,0,5.56,9.0,0
658,Barbara Singleton,38.0,9461.83,0,4.9,10.0,0
659,Kayla Reeves,38.0,100.0,0,5.27,5.0,0
660,Tami Smith,53.0,9655.25,0,4.44,10.0,0
661,Brandon Hunter,45.0,15188.65,0,6.17,8.0,0
662,Lisa Rodriguez,49.0,14124.0,1,3.02,10.0,0
663,Eric Martin,44.0,14155.97,1,6.99,8.0,0
664,Sharon Hull,37.0,11294.26,0,4.95,10.0,0
665,Allison Clark DDS,43.0,14241.75,0,3.73,12.0,0
666,Nicholas Williams,43.0,11334.3,0,3.47,9.0,0
667,Wanda Hess,34.0,7818.13,0,6.11,8.0,0
668,Fernando Ramsey,47.0,11520.18,1,5.07,9.0,0
669,Sylvia Crawford,47.0,7996.78,1,5.45,8.0,0
670,Trevor Burns,27.0,8628.8,1,5.3,7.0,0
671,Kristen Terry,39.0,10292.19,0,4.99,8.0,0
672,Mr. Joseph Garcia,32.0,11540.86,0,3.0,7.0,0
673,Lauren Nelson,40.0,7490.92,0,4.75,5.0,0
674,Frank Coleman,39.0,4316.73,1,4.79,9.0,0
675,Faith Sanchez,41.0,11738.88,0,7.27,9.0,0
676,Catherine Johnston,38.0,15509.97,0,4.65,8.0,0
677,Anthony Green,52.0,12010.74,0,5.09,8.0,0
678,Justin Brady,43.0,5907.07,0,5.89,8.0,0
679,Hector Anderson,39.0,10510.95,0,2.87,9.0,0
680,Jessica Hudson,43.0,8914.46,0,6.49,7.0,0
681,Brittney Nichols,38.0,5353.97,0,6.25,9.0,0
682,Mary Davis,36.0,12495.15,0,4.86,9.0,0
683,Paula Rivera,45.0,13118.56,0,4.89,7.0,0
684,Lisa Munoz,39.0,5846.65,1,6.65,9.0,0
685,Kimberly Carrillo,37.0,7239.49,1,5.01,9.0,0
686,Charles Thompson,36.0,14003.88,1,3.54,6.0,0
687,Jasmin Sullivan,43.0,9891.3,0,5.75,11.0,0
688,Christopher Martin,39.0,9655.42,1,5.5,8.0,0
689,Richard Gonzalez,49.0,7904.67,0,5.58,6.0,0
690,Christopher Price,43.0,10598.35,1,6.72,8.0,0
691,Jeremy Garcia,31.0,10182.6,1,3.77,8.0,0
692,Kevin Hebert,41.0,11316.69,0,6.23,10.0,0
693,Jessica Morris,43.0,6065.64,1,4.86,7.0,0
694,Wendy Wells,41.0,8907.76,0,6.99,7.0,0
695,Amanda Barnett,45.0,9773.22,1,3.79,10.0,0
696,Willie George II,32.0,9036.27,0,7.14,11.0,0
697,Troy Burke,50.0,8193.77,0,5.13,8.0,0
698,Kyle Mcguire,30.0,10183.98,1,5.14,9.0,0
699,Adam Harris,44.0,9815.03,1,4.9,9.0,0
700,Roy Marshall,43.0,6098.15,0,3.74,8.0,0
701,Lisa Lee,45.0,13100.75,1,7.79,10.0,0
702,Marc Price,40.0,10638.66,0,4.35,10.0,0
703,James Griffin,52.0,9519.64,0,5.61,8.0,0
704,Leslie Lopez,50.0,10358.08,0,5.41,8.0,0
705,Richard Jackson,46.0,7638.13,1,4.91,9.0,0
706,Kevin Gordon MD,42.0,10807.46,1,6.74,7.0,0
707,Dean Spears,37.0,11945.5,1,5.37,8.0,0
708,Kara Barnett,48.0,13597.5,0,6.45,8.0,0
709,Kelly White,47.0,7364.12,1,3.65,9.0,0
710,Laura Turner,42.0,8934.99,1,6.21,8.0,0
711,Hannah Mack,34.0,13672.54,0,6.05,6.0,0
712,Christina Farmer,44.0,9446.84,0,4.59,10.0,0
713,Patricia Deleon,36.0,11082.13,0,4.84,9.0,0
714,Peggy Rodriguez,38.0,10005.91,1,5.44,9.0,0
715,Steven Price,38.0,11227.39,1,5.71,9.0,0
716,Linda Mason,34.0,13574.25,0,5.2,9.0,0
717,Edward Rhodes,46.0,7876.84,1,6.41,10.0,0
718,Martin Williams MD,39.0,10413.93,0,3.75,11.0,0
719,Molly Perez,36.0,11079.61,1,4.12,9.0,0
720,David Hernandez,36.0,12192.94,1,6.46,9.0,0
721,Brendan Garcia,47.0,9101.71,0,4.11,6.0,0
722,Curtis Phillips,38.0,12978.81,0,7.94,7.0,0
723,Frank Mann MD,43.0,8007.18,1,5.45,8.0,0
724,Wayne Clark,43.0,6471.68,0,4.93,9.0,0
725,Carol Johnston,33.0,14160.05,1,4.61,7.0,0
726,Cameron Brown,39.0,11490.75,0,4.93,8.0,0
727,Jacob Gutierrez,40.0,11338.94,0,6.23,7.0,0
728,Caitlin Johnston,28.0,11245.38,0,6.72,8.0,0
729,Monica Graham,40.0,13987.59,1,5.58,7.0,0
730,Andrew Gates,48.0,12810.16,0,2.21,10.0,0
731,Alyssa Pitts,45.0,10976.03,0,4.5,10.0,0
732,Robert Rowe,48.0,7737.57,1,4.19,9.0,0
733,Keith Perez,45.0,7748.34,0,4.2,8.0,0
734,Benjamin Davenport,55.0,8270.52,1,5.15,8.0,0
735,Joshua Turner,32.0,11715.72,0,4.73,9.0,0
736,Mathew Rivera,48.0,9219.4,1,5.91,6.0,0
737,Richard Underwood,45.0,5347.74,1,5.62,10.0,0
738,Cathy Carney,42.0,9261.41,0,3.92,9.0,0
739,John Harris,41.0,11789.33,0,4.61,9.0,0
740,John Walter,44.0,14023.22,1,3.49,10.0,0
741,Michael Lopez,36.0,9993.5,0,6.6,6.0,0
742,Erik Martinez,41.0,6535.91,0,4.83,11.0,0
743,Sally Velazquez,44.0,12835.19,1,5.44,7.0,0
744,Thomas Spears,42.0,11654.34,0,5.06,10.0,0
745,Robin Sanchez,45.0,12200.96,1,4.7,6.0,0
746,Janet Hayden,34.0,12813.91,0,2.41,7.0,0
747,Francisco Moore,36.0,10345.19,1,4.84,10.0,0
748,Tony Boone,49.0,8232.11,0,6.84,8.0,0
749,Phillip Spears,52.0,14838.84,0,5.12,8.0,0
750,Brandon Ballard,43.0,9541.45,0,6.05,8.0,0
751,Christopher Johnson,46.0,7424.11,0,4.83,9.0,0
752,Brian Torres,37.0,7062.59,1,4.56,9.0,0
753,Cheryl Hayes,51.0,10776.82,0,5.1,5.0,0
754,Steven Mendoza,50.0,13247.31,0,3.48,6.0,0
755,Randy Hill,40.0,8610.43,1,5.08,7.0,0
756,Beth Fitzgerald,48.0,8863.36,0,6.35,7.0,0
757,Angela Ross,39.0,13574.53,1,5.69,10.0,0
758,Teresa Higgins,41.0,14216.37,1,1.81,8.0,0
759,Andrew Hester,48.0,11555.21,1,4.45,8.0,0
760,Laura Williams,55.0,5720.98,1,6.63,8.0,0
761,Vanessa Hodge,38.0,8370.15,0,8.6,5.0,0
762,Amy Stanley,43.0,9060.28,1,4.95,6.0,0
763,Brenda Ruiz,44.0,7193.84,0,6.22,7.0,0
764,William Krause,42.0,11225.96,0,5.89,7.0,0
765,David Bowers,49.0,12893.19,0,5.13,7.0,0
766,David Grant,45.0,13896.99,0,4.26,8.0,0
767,Dominique Schneider,43.0,12378.57,1,4.04,8.0,0
768,Martin Avila,42.0,11768.71,1,6.24,7.0,0
769,Dean Beck,32.0,8011.38,0,5.35,10.0,0
770,Kevin Powell,43.0,16955.76,0,7.04,8.0,0
771,John Barber,43.0,10530.33,1,4.14,7.0,0
772,Sylvia Sherman,42.0,11783.81,1,5.27,7.0,0
773,Susan Lucero,48.0,8824.84,1,5.93,7.0,0
774,George Parker,46.0,9737.34,1,5.17,8.0,0
775,Zachary Sanchez,49.0,8131.64,1,7.1,7.0,0
776,Tamara Williams,31.0,12264.68,1,5.88,8.0,0
777,Kathleen Marquez,35.0,3825.7,0,4.28,8.0,0
778,Carrie Williams,44.0,11597.38,0,3.45,7.0,0
779,Joel Johnson,55.0,5977.46,1,5.02,7.0,0
780,Joshua Cooper,41.0,9608.45,0,5.81,7.0,0
781,Amber Evans,37.0,10348.37,1,7.65,6.0,0
782,John Hawkins,41.0,13135.26,1,5.27,9.0,0
783,Scott Ingram,34.0,12760.01,0,3.87,8.0,0
784,Steven Blankenship,39.0,9848.4,1,6.73,10.0,0
785,Bailey Carroll,37.0,11517.19,1,8.34,11.0,0
786,Barbara Watkins,37.0,8316.89,0,3.6,8.0,0
787,James Wallace,40.0,7762.73,1,4.66,10.0,0
788,Joshua Brown DVM,49.0,13510.96,1,6.39,9.0,0
789,Whitney Kennedy,42.0,10442.37,0,5.58,5.0,0
790,David Allen,35.0,10550.87,1,5.72,9.0,0
791,Joshua Brown,31.0,5304.6,0,5.29,9.0,0
792,Cristian Sanchez,44.0,10157.21,0,6.14,7.0,0
793,Stephanie Martinez,42.0,12975.35,1,4.47,7.0,0
794,Christine Jenkins,38.0,6574.25,0,6.18,9.0,0
795,Michelle Davis,33.0,12638.51,1,5.01,8.0,0
796,Adam Porter,48.0,10746.37,1,4.22,8.0,0
797,David Murray,46.0,12873.63,1,5.73,7.0,0
798,Cynthia Wood,49.0,12681.35,0,3.68,5.0,0
799,Kenneth Johns,46.0,7730.53,1,5.3,8.0,0
800,Jason Dickson,46.0,8603.6,0,6.44,9.0,0
801,Johnny Jones,42.0,8218.63,0,5.9,9.0,0
802,Rodney Miller,34.0,9401.99,1,8.25,9.0,0
803,Tracy Jones,39.0,6127.84,0,4.22,9.0,0
804,Greg Swanson,44.0,11794.91,0,6.32,6.0,0
805,Bradley Bennett,41.0,8143.38,1,2.64,5.0,0
806,Michael Anderson,40.0,11873.76,1,6.5,8.0,0
807,Katherine Sandoval,22.0,11254.38,1,4.96,8.0,0
808,James Hensley,46.0,8951.42,0,4.13,8.0,0
809,Christopher Beasley,43.0,8662.18,1,7.31,8.0,0
810,Kayla Lopez,41.0,8427.12,0,4.37,6.0,0
811,Jonathan Ali,55.0,11555.42,0,4.86,10.0,0
812,Kenneth Wilkerson,42.0,11670.32,0,5.51,7.0,0
813,Alex Banks,36.0,8918.52,0,3.62,8.0,0
814,Brendan Higgins,34.0,13976.64,0,5.16,8.0,0
815,Monique Neal,44.0,6498.85,0,6.34,9.0,0
816,Kristen Bishop,39.0,9303.36,0,4.19,10.0,0
817,Amber Martin,40.0,8083.76,0,4.76,7.0,0
818,Eric Terry,42.0,16371.42,1,3.84,10.0,0
819,Troy Ochoa,32.0,5756.12,0,5.9,8.0,0
820,Michael Colon,41.0,9574.64,1,3.72,7.0,0
821,Charles Mcgrath,42.0,6623.97,0,5.4,8.0,0
822,Zachary Johnson,28.0,8670.98,0,3.99,6.0,0
823,Jennifer Bradley,48.0,10399.19,1,5.07,11.0,0
824,Kenneth Sanchez,40.0,12542.76,1,5.03,8.0,0
825,Colleen Morgan,46.0,11832.86,1,6.01,8.0,0
826,Jay Hunter,33.0,12249.96,0,2.96,8.0,0
827,Joshua Lang,49.0,11695.04,1,5.64,9.0,0
828,Krista Ashley,41.0,9000.05,0,5.59,6.0,0
829,James Stevens,44.0,12400.33,1,5.18,3.0,0
830,Megan Edwards,30.0,13473.35,0,3.84,10.0,0
831,Vanessa Romero,44.0,12227.39,0,6.46,7.0,0
832,Austin Branch,38.0,10788.67,0,4.98,7.0,0
833,Taylor Brown,37.0,10076.71,0,6.5,7.0,0
834,William Pearson,28.0,11204.23,0,3.67,11.0,0
835,Heidi Butler,39.0,14425.74,0,5.91,6.0,0
836,John Williams,46.0,9988.68,1,5.44,8.0,0
837,Gina Johnson,43.0,8261.89,0,7.36,9.0,0
838,Brittany Walker,34.0,9779.12,0,5.89,9.0,0
839,Lauren Campos,51.0,10328.42,1,5.12,7.0,0
840,Jennifer Garcia,38.0,12913.55,1,4.73,7.0,0
841,Mary Allen,37.0,7189.31,0,6.87,10.0,0
842,Ethan Cordova,39.0,18026.01,1,3.82,9.0,0
843,Anthony Molina,26.0,8939.61,0,4.54,7.0,0
844,David Compton,50.0,11294.45,1,2.17,10.0,0
845,Garrett Walker,42.0,8271.02,0,4.24,9.0,0
846,Benjamin Richard,44.0,5002.58,0,4.57,11.0,0
847,Timothy Brown,45.0,11187.93,1,4.95,9.0,0
848,Beth Barnes,51.0,9764.39,1,6.03,8.0,0
849,Patricia Combs,44.0,8917.57,0,4.28,6.0,0
850,Brian Hill,37.0,9499.3,1,6.81,8.0,0
851,Nathaniel Sanchez,41.0,8502.52,0,6.0,10.0,0
852,Tammy Pope,45.0,9576.07,1,7.01,8.0,0
853,Denise Watkins,47.0,9451.03,0,5.11,10.0,0
854,Mrs. Elizabeth Salas,48.0,9722.23,1,5.98,6.0,0
855,Jessica Morales,49.0,11227.48,0,5.1,9.0,0
856,Mark Murphy,47.0,10718.97,0,5.74,7.0,0
857,Deborah Morgan,40.0,11799.72,0,3.0,8.0,0
858,Kiara Vasquez,38.0,13074.81,1,4.67,7.0,0
859,Zachary Howard,49.0,9000.36,0,4.13,11.0,0
860,Vanessa Myers,39.0,13731.45,1,8.15,10.0,0
861,Beverly Hall,33.0,8556.73,0,4.21,9.0,0
862,Kristin Williams,37.0,12410.67,0,6.12,6.0,0
863,Mrs. Sherri Zhang,48.0,11316.41,1,4.74,10.0,0
864,Charles Schultz,35.0,13035.91,1,5.51,6.0,0
865,Manuel Williams,36.0,5695.21,0,4.1,7.0,0
866,Kevin Hardy,43.0,6411.25,0,2.82,7.0,0
867,Ann Johnson,42.0,9091.99,0,5.85,6.0,0
868,David Anderson,39.0,11680.91,1,6.35,7.0,0
869,Nicholas Porter,44.0,8841.3,1,6.08,7.0,0
870,Jose Gutierrez,51.0,7985.76,1,3.48,8.0,0
871,Sarah Burns,35.0,11814.59,0,5.89,6.0,0
872,Dana Bailey,52.0,7077.34,1,5.6,8.0,0
873,Diana Jackson,51.0,9879.37,0,3.55,10.0,0
874,Scott Love,28.0,11128.95,1,5.12,8.0,0
875,Doris Zimmerman,40.0,11575.55,1,5.22,5.0,0
876,Jeffrey Trevino,37.0,13268.55,0,3.92,11.0,0
877,Anthony Vega,44.0,9351.88,1,4.32,6.0,0
878,James Owen,43.0,9735.41,0,6.12,8.0,0
879,Aaron Meyer,45.0,9598.03,0,5.0,7.0,0
880,Holly Hill,43.0,5805.53,0,5.44,5.0,0
881,Andrew Leonard,41.0,14099.03,1,4.56,7.0,0
882,Jessica Leon,49.0,8523.04,1,4.15,5.0,0
883,Amy Garcia,42.0,6406.38,0,3.0,9.0,0
884,John Nixon,48.0,5622.5,0,6.05,7.0,0
885,Deanna Henry,47.0,6670.37,0,2.55,9.0,0
886,Jeremy Singleton,46.0,13547.39,0,2.67,8.0,0
887,Kara Anderson,47.0,9182.81,1,6.45,11.0,0
888,Kelly Braun,42.0,9741.19,1,3.85,9.0,0
889,Amanda Wade,39.0,8880.17,0,4.0,8.0,0
890,Jason West,45.0,13122.89,0,5.84,6.0,0
891,Adam Moore,41.0,12659.88,0,4.55,4.0,0
892,Brandon Ortiz,37.0,8286.87,1,6.25,8.0,0
893,Cindy Marshall,37.0,9229.96,0,3.65,8.0,0
894,Matthew Barnes,45.0,4863.73,1,5.17,8.0,0
895,Paul Miller,42.0,12800.82,1,3.62,8.0,0
896,Natalie Hodges,52.0,9893.92,0,6.91,7.0,0
897,Ana Smith,45.0,12056.18,0,5.46,4.0,0
898,Justin Leonard,51.0,6517.93,1,5.47,10.0,0
899,Joseph Williams,39.0,9315.6,1,5.02,10.0,0
